City_ID,City,Country,Date,Lat,Lng,Max Temp,Humidity,Cloudiness,Wind Speed
0,Beruwala,LK,2022-05-22 20:04:28,6.4788,79.9828,26.34,86,25,4.26
1,Dikson,RU,2022-05-22 20:04:28,73.5069,80.5464,-6.4,92,48,3.51
2,Poum,NC,2022-05-22 20:04:28,-20.2333,164.0167,25.97,78,0,5.08
3,Vila Velha,BR,2022-05-22 20:00:18,-20.3297,-40.2925,22.16,70,52,2.24
4,Thunder Bay,CA,2022-05-22 19:59:37,48.4001,-89.3168,10.99,40,100,4.12
5,Kloulklubed,PW,2022-05-22 20:04:29,7.0419,134.2556,23.28,77,100,3.99
6,Nieuw Amsterdam,SR,2022-05-22 20:04:29,5.8833,-55.0833,26.01,86,40,0.0
7,Vaini,TO,2022-05-22 20:04:29,-21.2,-175.2,25.27,82,55,6.39
8,Hobart,AU,2022-05-22 20:00:18,-42.8794,147.3294,10.14,86,100,4.12
9,Necochea,AR,2022-05-22 20:00:30,-38.5473,-58.7368,14.77,51,100,5.31
10,Emerald,AU,2022-05-22 19:59:51,-23.5333,148.1667,15.19,88,58,5.33
11,Havre-Saint-Pierre,CA,2022-05-22 20:04:30,50.2334,-63.5986,9.2,81,100,3.6
12,Saint George,US,2022-05-22 20:04:31,37.1041,-113.5841,29.79,10,0,4.63
13,Torbay,CA,2022-05-22 20:04:31,47.6666,-52.7314,16.27,41,68,5.16
14,Piuma,BR,2022-05-22 20:00:06,-20.8378,-40.7219,20.71,79,38,2.27
15,Barrow,US,2022-05-22 20:00:03,71.2906,-156.7887,-4.93,89,21,4.07
16,Hamilton,US,2022-05-22 20:04:31,39.1834,-84.5333,20.99,66,75,5.14
17,Hithadhoo,MV,2022-05-22 20:04:32,-0.6,73.0833,28.78,72,95,5.27
18,Rikitea,PF,2022-05-22 20:02:30,-23.1203,-134.9692,24.27,77,9,6.18
19,Castro,BR,2022-05-22 20:00:37,-24.7911,-50.0119,14.8,64,2,1.88
20,Geraldton,AU,2022-05-22 20:04:32,-28.7667,114.6,19.23,68,40,8.23
21,Cayenne,GF,2022-05-22 20:00:12,4.9333,-52.3333,26.72,1,0,1.03
22,Oussouye,SN,2022-05-22 20:04:33,12.485,-16.5469,24.56,68,76,5.22
23,Kapaa,US,2022-05-22 20:04:33,22.0752,-159.319,26.99,83,75,5.14
24,Shadegan,IR,2022-05-22 20:04:33,30.6497,48.6647,34.39,9,0,5.62
25,Killybegs,IE,2022-05-22 20:04:34,54.6333,-8.45,12.84,87,14,6.05
26,Lakatoro,VU,2022-05-22 20:04:34,-16.0999,167.4164,25.69,85,11,0.93
27,Yashkul,RU,2022-05-22 20:04:34,46.1711,45.3435,15.84,73,72,3.87
28,Nanortalik,GL,2022-05-22 20:04:35,60.1432,-45.2371,3.09,98,100,2.57
29,Cherskiy,RU,2022-05-22 20:04:35,68.75,161.3,11.09,51,82,7.67
30,Shahr-E Babak,IR,2022-05-22 20:04:35,30.1165,55.1186,19.66,15,0,3.54
31,Hasaki,JP,2022-05-22 20:04:35,35.7333,140.8333,14.22,87,100,4.49
32,Bredasdorp,ZA,2022-05-22 20:03:42,-34.5322,20.0403,13.25,91,58,2.45
33,Qaanaaq,GL,2022-05-22 20:03:49,77.484,-69.3632,-3.75,78,100,2.32
34,Bluff,NZ,2022-05-22 20:01:20,-46.6,168.3333,10.29,74,100,11.61
35,Stykkisholmur,IS,2022-05-22 20:04:36,65.0757,-22.7297,6.43,69,13,3.36
36,Carnarvon,AU,2022-05-22 20:04:36,-24.8667,113.6333,21.35,58,32,7.64
37,Atuona,PF,2022-05-22 20:03:36,-9.8,-139.0333,25.28,81,30,8.02
38,Ancud,CL,2022-05-22 20:04:37,-41.8697,-73.8203,9.24,68,2,6.17
39,Manavalakurichi,IN,2022-05-22 20:04:37,8.1333,77.3,25.64,86,80,6.22
40,Busselton,AU,2022-05-22 20:04:37,-33.65,115.3333,16.33,66,83,11.06
41,Kodinsk,RU,2022-05-22 20:04:37,58.6881,99.1844,5.76,94,3,0.54
42,New Norfolk,AU,2022-05-22 20:04:38,-42.7826,147.0587,9.95,85,68,0.95
43,Kavieng,PG,2022-05-22 20:04:38,-2.5744,150.7967,28.04,68,13,7.49
44,Ushuaia,AR,2022-05-22 20:02:13,-54.8,-68.3,2.17,78,63,1.08
45,Victoria,HK,2022-05-22 20:05:38,22.2855,114.1577,24.54,91,100,7.15
46,Zhigansk,RU,2022-05-22 20:05:39,66.7697,123.3711,3.05,73,100,2.29
47,Cape Town,ZA,2022-05-22 20:02:16,-33.9258,18.4232,17.99,83,66,0.45
48,Punta Arenas,CL,2022-05-22 20:05:39,-53.15,-70.9167,4.06,65,75,5.66
49,Mataura,NZ,2022-05-22 20:04:59,-46.1927,168.8643,6.82,90,100,3.46
50,Upernavik,GL,2022-05-22 20:05:39,72.7868,-56.1549,0.24,100,100,4.09
51,Inta,RU,2022-05-22 20:05:40,66.0317,60.1659,1.07,93,100,9.22
52,Merauke,ID,2022-05-22 20:05:40,-8.4667,140.3333,26.14,84,24,5.43
53,Souillac,MU,2022-05-22 20:05:40,-20.5167,57.5167,23.14,72,8,5.87
54,Mayo,US,2022-05-22 20:05:42,38.8876,-76.5119,33.23,63,0,4.63
55,Sioux Lookout,CA,2022-05-22 20:03:30,50.1001,-91.917,12.1,32,82,3.76
56,Nome,US,2022-05-22 20:05:42,64.5011,-165.4064,19.04,21,0,8.23
57,Ribeira Grande,PT,2022-05-22 20:05:43,38.5167,-28.7,19.22,94,75,0.51
58,Mehamn,NO,2022-05-22 20:05:43,71.0357,27.8492,4.95,87,0,4.12
59,Esperance,AU,2022-05-22 20:02:33,-33.8667,121.9,16.77,78,14,4.94
60,Tavatuy,RU,2022-05-22 20:05:44,57.0703,60.1336,2.44,90,98,3.91
61,Khorramshahr,IR,2022-05-22 20:05:44,30.4397,48.1664,31.97,8,0,4.21
62,Yulara,AU,2022-05-22 20:05:44,-25.2406,130.9889,13.82,44,100,3.21
63,Lebu,CL,2022-05-22 20:03:54,-37.6167,-73.65,11.18,84,100,4.54
64,Tiksi,RU,2022-05-22 20:05:45,71.6872,128.8694,-1.21,89,96,2.18
65,Thompson,CA,2022-05-22 20:05:45,55.7435,-97.8558,18.52,20,100,5.35
66,Jacareacanga,BR,2022-05-22 20:05:45,-6.2222,-57.7528,31.86,47,14,1.63
67,Remedios,CU,2022-05-22 20:05:46,22.4947,-79.5458,31.51,74,100,7.74
68,Puerto Ayora,EC,2022-05-22 20:05:46,-0.7393,-90.3518,25.98,77,65,4.95
69,Nikolskoye,RU,2022-05-22 20:05:46,59.7035,30.7861,4.95,58,9,1.23
70,Port Lincoln,AU,2022-05-22 20:05:47,-34.7333,135.8667,16.17,78,100,4.39
71,Hilo,US,2022-05-22 20:04:48,19.7297,-155.09,30.71,67,75,5.14
72,Gloversville,US,2022-05-22 20:05:47,43.0528,-74.3438,31.17,60,0,3.09
73,Mahebourg,MU,2022-05-22 20:05:09,-20.4081,57.7,22.36,68,19,6.57
74,Bahir Dar,ET,2022-05-22 20:05:47,11.5936,37.3908,21.46,58,47,2.86
75,East London,ZA,2022-05-22 20:04:54,-33.0153,27.9116,15.99,84,3,1.99
76,Jamestown,US,2022-05-22 20:05:48,42.097,-79.2353,14.18,92,100,5.66
77,Vardo,NO,2022-05-22 20:05:48,70.3705,31.1107,2.99,87,75,6.69
78,Bernay,FR,2022-05-22 20:05:48,49.1667,0.6667,18.93,78,100,2.29
79,Georgetown,MY,2022-05-22 20:01:29,5.4112,100.3354,26.96,89,20,0.0
80,Luderitz,NA,2022-05-22 20:02:30,-26.6481,15.1594,14.82,66,21,3.2
81,Sola,VU,2022-05-22 20:02:33,-13.8833,167.55,27.32,75,26,1.7
82,Esfahan,IR,2022-05-22 20:05:49,32.6572,51.6776,19.8,14,0,2.74
83,Broome,US,2022-05-22 20:05:49,42.2506,-75.833,24.49,92,68,6.6
84,Bathsheba,BB,2022-05-22 20:05:49,13.2167,-59.5167,29.34,70,40,7.72
85,Voyvozh,RU,2022-05-22 20:05:50,62.892,54.9635,0.0,98,100,3.52
86,Heihe,CN,2022-05-22 20:05:50,50.2441,127.4902,12.32,65,72,3.88
87,Kaitangata,NZ,2022-05-22 20:05:50,-46.2817,169.8464,8.15,83,92,6.05
88,Narsaq,GL,2022-05-22 20:05:50,60.9167,-46.05,4.12,99,100,2.97
89,Carutapera,BR,2022-05-22 20:05:51,-1.195,-46.02,26.22,89,53,2.21
90,Ponta Delgada,PT,2022-05-22 20:06:51,37.7333,-25.6667,21.95,100,75,4.63
91,Coquimbo,CL,2022-05-22 20:06:51,-29.9533,-71.3436,16.85,72,0,4.12
92,Albi,FR,2022-05-22 20:06:52,43.9298,2.148,26.28,55,72,2.1
93,Faranah,GN,2022-05-22 20:06:52,10.0404,-10.7434,23.68,74,67,1.92
94,Yellowknife,CA,2022-05-22 20:06:52,62.456,-114.3525,4.53,50,100,3.45
95,Laguna,US,2022-05-22 20:06:40,38.421,-121.4238,31.27,22,0,3.6
96,Grand Gaube,MU,2022-05-22 20:04:59,-20.0064,57.6608,22.43,77,5,1.34
97,Port Elizabeth,ZA,2022-05-22 20:06:34,-33.918,25.5701,12.83,79,95,1.27
98,Watertown,US,2022-05-22 20:06:53,42.3709,-71.1828,35.81,45,0,6.69
99,Provideniya,RU,2022-05-22 20:06:53,64.3833,-173.3,9.92,42,100,4.76
100,Tecoanapa,MX,2022-05-22 20:06:53,16.5167,-98.75,29.75,58,0,4.82
101,Ilulissat,GL,2022-05-22 20:05:20,69.2167,-51.1,2.01,87,100,3.09
102,Hounde,BF,2022-05-22 20:06:54,11.5,-3.5167,30.78,44,100,4.89
103,Oktyabrskiy,RU,2022-05-22 20:06:54,54.4815,53.471,4.06,84,91,0.35
104,Severo-Kurilsk,RU,2022-05-22 20:06:54,50.6789,156.125,4.83,97,100,7.25
105,Katsuura,JP,2022-05-22 20:06:54,35.1333,140.3,18.35,90,62,5.09
106,Vacha,RU,2022-05-22 20:06:55,55.8008,42.7706,-1.66,83,22,2.49
107,Saint-Georges,GD,2022-05-22 20:06:55,12.0564,-61.7485,27.28,70,87,5.98
108,Sitka,US,2022-05-22 20:03:37,57.0531,-135.33,10.94,76,100,3.6
109,Mar Del Plata,AR,2022-05-22 20:05:30,-38.0023,-57.5575,16.08,61,100,4.48
110,Hambantota,LK,2022-05-22 20:06:55,6.1241,81.1185,26.34,85,80,7.6
111,Mutis,CO,2022-05-22 20:06:56,6.2262,-77.4044,28.22,79,38,2.75
112,Bambous Virieux,MU,2022-05-22 20:04:51,-20.3428,57.7575,22.34,67,29,6.65
113,Hermanus,ZA,2022-05-22 20:06:56,-34.4187,19.2345,15.68,84,83,3.3
114,Isangel,VU,2022-05-22 20:06:02,-19.55,169.2667,24.55,84,69,2.67
115,Cidreira,BR,2022-05-22 20:06:56,-30.1811,-50.2056,15.97,71,97,2.29
116,Kamenka,RU,2022-05-22 20:06:57,51.3223,42.7678,6.77,93,84,2.59
117,Khatanga,RU,2022-05-22 20:05:16,71.9667,102.5,-0.08,93,100,2.75
118,Tuktoyaktuk,CA,2022-05-22 20:06:57,69.4541,-133.0374,-1.1,66,46,4.33
119,Codrington,AU,2022-05-22 20:06:57,-38.2667,141.9667,6.37,94,2,3.38
120,Touros,BR,2022-05-22 20:06:55,-5.1989,-35.4608,25.21,88,16,5.81
121,Kodiak,US,2022-05-22 20:02:32,57.79,-152.4072,10.73,71,75,7.2
122,Joao Camara,BR,2022-05-22 20:06:58,-5.5375,-35.8197,24.07,89,28,4.05
123,Saskylakh,RU,2022-05-22 20:06:34,71.9167,114.0833,0.82,99,100,3.59
124,Beringovskiy,RU,2022-05-22 20:06:58,63.05,179.3167,4.75,75,100,3.85
125,Manokwari,ID,2022-05-22 20:06:58,-0.8667,134.0833,25.84,73,86,1.98
126,Port Macquarie,AU,2022-05-22 20:05:02,-31.4333,152.9167,13.27,84,100,2.07
127,Kruisfontein,ZA,2022-05-22 20:06:14,-34.0033,24.7314,11.6,75,100,1.47
128,Omboue,GA,2022-05-22 20:06:59,-1.5746,9.2618,23.94,84,34,3.72
129,Norman Wells,CA,2022-05-22 20:06:59,65.282,-126.8329,8.2,51,100,0.81
130,Alofi,NU,2022-05-22 20:07:00,-19.0595,-169.9187,26.49,73,9,6.1
131,Vao,NC,2022-05-22 20:02:38,-22.6667,167.4833,23.84,86,100,3.71
132,Kamsack,CA,2022-05-22 20:08:00,51.5667,-101.9009,14.81,34,92,3.96
133,Kiunga,PG,2022-05-22 20:08:00,-6.1219,141.2906,22.41,100,77,0.45
134,Port Alfred,ZA,2022-05-22 20:05:19,-33.5906,26.891,15.64,81,39,2.2
135,Ponta Do Sol,PT,2022-05-22 20:03:46,32.6667,-17.1,20.95,81,16,1.39
136,Latung,PH,2022-05-22 20:08:01,5.5,120.8833,28.14,74,100,2.44
137,Saint-Pierre,RE,2022-05-22 20:08:01,-21.3393,55.4781,21.82,68,0,3.6
138,Paris,FR,2022-05-22 20:05:04,48.8534,2.3488,20.64,67,0,3.6
139,Taoudenni,ML,2022-05-22 20:08:01,22.6783,-3.9836,35.31,8,0,4.41
140,Ostrovnoy,RU,2022-05-22 20:08:02,68.0531,39.5131,-0.94,83,16,4.17
141,Xinyu,CN,2022-05-22 20:08:02,27.8043,114.9334,17.39,97,100,0.33
142,Salalah,OM,2022-05-22 20:08:03,17.0151,54.0924,29.05,84,75,2.57
143,Kosovo Polje,XK,2022-05-22 20:08:03,42.6394,21.0961,16.23,79,20,2.06
144,Assiniboia,CA,2022-05-22 20:08:03,49.6334,-105.9845,13.26,26,95,2.49
145,Albany,US,2022-05-22 20:06:26,42.6001,-73.9662,32.04,59,93,4.88
146,Praia Da Vitoria,PT,2022-05-22 20:08:04,38.7333,-27.0667,18.75,97,100,2.4
147,Gilleleje,DK,2022-05-22 20:08:04,56.122,12.3106,12.78,79,60,1.15
148,Guerrero Negro,MX,2022-05-22 20:07:47,27.9769,-114.0611,20.4,55,0,7.33
149,Harindanga,IN,2022-05-22 20:08:04,22.0383,88.3214,29.47,66,28,4.58
150,Krasnoselkup,RU,2022-05-22 20:08:04,65.7,82.4667,11.14,77,42,4.75
151,Uruguaiana,BR,2022-05-22 20:04:35,-29.7547,-57.0883,18.23,68,0,2.2
152,Butaritari,KI,2022-05-22 20:08:05,3.0707,172.7902,27.67,78,54,5.19
153,Kudahuvadhoo,MV,2022-05-22 20:08:05,2.6708,72.8944,28.64,75,58,5.53
154,Sarlat-La-Caneda,FR,2022-05-22 20:08:05,44.889,1.2166,21.13,67,77,0.95
155,Chokurdakh,RU,2022-05-22 20:04:55,70.6333,147.9167,0.3,100,100,0.92
156,Am Timan,TD,2022-05-22 20:08:06,11.0297,20.2827,33.97,26,89,1.21
157,Corner Brook,CA,2022-05-22 20:05:43,48.9667,-57.9484,15.09,89,100,2.11
158,Darhan,MN,2022-05-22 20:08:06,49.4867,105.9228,15.52,39,64,3.18
159,Pangnirtung,CA,2022-05-22 20:08:07,66.1451,-65.7125,-0.14,87,89,2.45
160,Qasigiannguit,GL,2022-05-22 20:08:07,68.8193,-51.1922,2.14,99,100,1.05
161,Kerouane,GN,2022-05-22 20:08:07,9.2667,-9.0167,22.89,86,100,0.8
162,Mount Gambier,AU,2022-05-22 20:08:08,-37.8333,140.7667,2.95,100,100,2.06
163,Preston,GB,2022-05-22 20:08:08,53.7667,-2.7167,16.21,72,98,0.45
164,Nantucket,US,2022-05-22 20:07:24,41.2835,-70.0995,21.06,77,0,5.66
165,Mercedes,AR,2022-05-22 20:08:08,-34.6515,-59.4307,20.02,43,99,4.37
166,Turbat,PK,2022-05-22 20:08:08,26.0023,63.044,34.61,11,0,8.4
167,Medina Del Campo,ES,2022-05-22 20:08:09,41.3124,-4.9141,18.73,65,58,6.19
168,Padang,ID,2022-05-22 20:08:09,-0.9492,100.3543,24.74,87,80,1.79
169,Ambilobe,MG,2022-05-22 20:08:09,-13.2,49.05,23.7,69,64,1.98
170,Nuuk,GL,2022-05-22 20:08:10,64.1835,-51.7216,2.34,80,75,15.95
171,Dondo,MZ,2022-05-22 20:08:10,-19.6094,34.7431,22.73,97,44,2.92
172,Arraial Do Cabo,BR,2022-05-22 20:07:18,-22.9661,-42.0278,22.92,68,0,5.14
173,Nouadhibou,MR,2022-05-22 20:08:10,20.931,-17.0347,18.85,91,2,10.57
174,Payakumbuh,ID,2022-05-22 20:08:11,-0.2202,100.6308,20.07,91,99,1.36
175,Vestmannaeyjar,IS,2022-05-22 20:09:11,63.4427,-20.2734,11.0,72,3,0.7
176,Arona,ES,2022-05-22 20:09:11,28.0996,-16.681,18.32,70,20,9.77
177,Grindavik,IS,2022-05-22 20:09:12,63.8424,-22.4338,9.26,71,0,9.26
178,Abaza,RU,2022-05-22 20:09:12,52.655,90.0928,16.28,60,89,1.91
179,Comodoro Rivadavia,AR,2022-05-22 20:09:12,-45.8667,-67.5,9.92,37,20,7.72
180,Amapa,BR,2022-05-22 20:04:53,1.0,-52.0,25.22,95,97,0.79
181,Lompoc,US,2022-05-22 20:04:58,34.6391,-120.4579,27.05,64,0,6.69
182,La Ronge,CA,2022-05-22 20:09:09,55.1001,-105.2842,14.51,25,100,4.59
183,Oranjestad,AW,2022-05-22 20:09:13,12.524,-70.027,30.97,62,20,11.32
184,Banagher,IE,2022-05-22 20:09:13,53.1886,-7.9867,12.96,78,96,4.96
185,Qixia,CN,2022-05-22 20:09:13,37.2975,120.8256,18.17,56,63,2.86
186,Pastavy,BY,2022-05-22 20:09:14,55.1168,26.8326,7.81,70,100,2.82
187,Benghazi,LY,2022-05-22 20:09:14,32.1167,20.0667,19.57,66,0,1.81
188,Nelson Bay,AU,2022-05-22 20:09:14,-32.7167,152.15,15.0,99,100,0.45
189,Teya,RU,2022-05-22 20:09:14,60.3778,92.6267,6.95,89,0,1.06
190,Prince Albert,CA,2022-05-22 20:04:36,53.2001,-105.7677,15.64,31,99,5.68
191,Buritis,BR,2022-05-22 20:09:15,-15.6178,-46.4233,26.77,34,3,0.98
192,Pampa,US,2022-05-22 20:08:11,35.5362,-100.9599,20.32,26,0,5.66
193,Saldanha,ZA,2022-05-22 20:08:35,-33.0117,17.9442,15.29,87,93,1.94
194,Devarkonda,IN,2022-05-22 20:09:15,16.7,78.9333,30.38,53,11,10.8
195,Barcelos,PT,2022-05-22 20:09:16,41.5388,-8.6151,18.8,94,59,2.27
196,Mount Isa,AU,2022-05-22 20:09:16,-20.7333,139.5,13.87,82,0,0.0
197,Riyadh,SA,2022-05-22 20:09:16,24.6877,46.7219,32.08,9,0,3.38
198,Longyearbyen,SJ,2022-05-22 20:09:16,78.2186,15.6401,1.91,87,75,0.0
199,Kirya,TZ,2022-05-22 20:09:17,-3.9167,37.4833,21.25,67,88,3.29
200,Beidao,CN,2022-05-22 20:09:17,34.5686,105.8933,13.9,92,2,1.71
201,Cockburn Town,TC,2022-05-22 20:06:45,21.4612,-71.1419,28.98,65,40,9.26
202,Leo,BF,2022-05-22 20:09:18,11.1,-2.1,27.84,57,99,3.84
203,Nouakchott,MR,2022-05-22 20:09:18,18.0858,-15.9785,18.96,89,0,7.11
204,Raudeberg,NO,2022-05-22 20:09:18,61.9875,5.1352,11.37,83,100,5.88
205,Rock Falls,US,2022-05-22 20:09:18,41.7798,-89.689,17.99,38,0,5.66
206,Fairlie,GB,2022-05-22 20:09:19,55.756,-4.8556,12.17,89,32,3.03
207,Kabalo,CD,2022-05-22 20:09:19,-6.05,26.9167,24.43,60,100,1.58
208,Qunduz,AF,2022-05-22 20:09:19,36.729,68.857,14.84,56,18,1.68
209,Viana,BR,2022-05-22 20:09:20,-20.3903,-40.4961,22.87,77,74,1.29
210,Bengkulu,ID,2022-05-22 20:09:20,-3.8004,102.2655,24.37,90,32,1.62
211,Horsham,GB,2022-05-22 20:09:20,51.064,-0.3272,18.18,65,0,2.06
212,Santo Antao Do Tojal,PT,2022-05-22 20:09:20,38.8515,-9.1398,18.59,87,75,4.12
213,Cabo San Lucas,MX,2022-05-22 20:05:31,22.8909,-109.9124,29.23,47,0,1.54
214,Nenjiang,CN,2022-05-22 20:09:21,49.1833,125.2167,12.17,61,3,2.4
215,Safakulevo,RU,2022-05-22 20:09:21,54.9901,62.5442,3.9,87,6,3.66
216,Veraval,IN,2022-05-22 20:09:21,20.9,70.3667,29.13,71,100,8.22
217,Deputatskiy,RU,2022-05-22 20:09:22,69.3,139.9,-1.8,92,87,1.3
218,Huarmey,PE,2022-05-22 20:09:22,-10.0681,-78.1522,21.3,72,10,4.05
219,Talnakh,RU,2022-05-22 20:09:22,69.4865,88.3972,0.67,100,100,1.17
220,Sulangan,PH,2022-05-22 20:09:23,11.1373,123.7228,27.97,76,95,2.68
221,Sept-Iles,CA,2022-05-22 20:09:23,50.2001,-66.3821,11.14,79,100,1.34
222,Iskateley,RU,2022-05-22 20:10:23,67.6803,53.1512,-2.14,85,100,10.63
223,Mbini,GQ,2022-05-22 20:10:24,1.574,9.6134,26.21,82,99,4.41
224,Tucupita,VE,2022-05-22 20:10:24,9.0622,-62.051,27.19,80,90,2.29
225,San Andres,CO,2022-05-22 20:10:24,12.5847,-81.7006,30.01,74,75,5.14
226,Vila Franca Do Campo,PT,2022-05-22 20:07:49,37.7167,-25.4333,21.78,93,82,1.91
227,Berdigestyakh,RU,2022-05-22 20:10:25,62.0989,126.6992,5.07,87,18,1.28
228,Vestmanna,FO,2022-05-22 20:10:25,62.1564,-7.1664,8.51,87,100,1.03
229,Kozlovka,RU,2022-05-22 20:10:25,55.8428,48.2492,-0.47,79,28,1.82
230,Saint-Philippe,RE,2022-05-22 20:10:26,-21.3585,55.7679,21.77,75,39,4.94
231,Hajdusamson,HU,2022-05-22 20:10:26,47.6,21.7667,18.82,39,0,5.66
232,Charters Towers,AU,2022-05-22 20:10:26,-20.1,146.2667,18.0,82,100,5.08
233,Port Hardy,CA,2022-05-22 20:06:46,50.6996,-127.4199,12.38,63,100,1.52
234,Bereda,ES,2022-05-22 20:09:23,43.2686,-7.5406,16.34,99,100,1.35
235,Aden,YE,2022-05-22 20:10:27,12.7794,45.0367,31.17,56,53,1.41
236,Boa Vista,BR,2022-05-22 20:10:27,2.8197,-60.6733,23.99,88,75,3.09
237,Yueyang,CN,2022-05-22 20:10:27,29.3333,113.0919,17.56,92,100,1.35
238,Inhambane,MZ,2022-05-22 20:10:28,-23.865,35.3833,20.11,95,98,2.62
239,Iqaluit,CA,2022-05-22 20:06:47,63.7506,-68.5145,-3.15,86,100,10.8
240,Chuy,UY,2022-05-22 20:06:49,-33.6971,-53.4616,15.05,69,69,1.79
241,Mendi,PG,2022-05-22 20:07:09,-6.1761,143.6513,10.78,95,35,1.51
242,Santa Maria,BR,2022-05-22 20:10:28,-29.6842,-53.8069,16.23,79,97,1.32
243,Skelleftea,SE,2022-05-22 20:10:28,64.7507,20.9528,14.44,34,0,3.09
244,Christchurch,NZ,2022-05-22 20:10:26,-43.5333,172.6333,3.56,93,6,0.0
245,Ortakoy,TR,2022-05-22 20:10:29,38.7373,34.0387,14.14,59,100,1.38
246,Kroya,ID,2022-05-22 20:10:29,-7.6331,109.2461,24.76,90,51,1.59
247,Klaksvik,FO,2022-05-22 20:06:03,62.2266,-6.589,9.51,89,41,2.18
248,Jiangyou,CN,2022-05-22 20:10:29,31.7667,104.7167,18.36,86,4,0.44
249,Kalmunai,LK,2022-05-22 20:09:17,7.4167,81.8167,27.47,71,40,1.68
250,Port Augusta,AU,2022-05-22 20:10:30,-32.5,137.7667,15.71,69,100,1.25
251,Matay,EG,2022-05-22 20:10:30,28.419,30.7792,23.92,25,0,4.05
252,Porto Nacional,BR,2022-05-22 20:10:30,-10.7081,-48.4172,31.0,51,10,1.65
253,Inuvik,CA,2022-05-22 20:10:31,68.3499,-133.7218,1.26,54,8,4.2
254,Taitung,TW,2022-05-22 20:10:31,22.7583,121.1444,24.54,85,62,1.22
255,Avera,US,2022-05-22 20:09:27,33.194,-82.5271,32.99,35,100,4.7
256,Rochester,US,2022-05-22 20:07:41,43.1548,-77.6156,14.88,90,100,3.09
257,Lasa,IT,2022-05-22 20:10:21,46.6166,10.7002,17.42,93,100,1.31
258,Namatanai,PG,2022-05-22 20:06:31,-3.6667,152.4333,26.29,71,46,4.35
259,Macklin,CA,2022-05-22 20:10:32,52.3334,-109.9348,14.37,25,38,5.53
260,Ginir,ET,2022-05-22 20:10:32,7.1333,40.7,15.51,59,57,2.48
261,Nishiwaki,JP,2022-05-22 20:10:32,34.9833,134.9667,16.69,94,30,1.96
262,Fort Nelson,CA,2022-05-22 20:07:52,58.8053,-122.7002,11.22,59,100,1.17
263,Kahului,US,2022-05-22 20:08:37,20.8947,-156.47,29.01,62,40,8.75
264,Kushmurun,KZ,2022-05-22 20:10:32,52.4503,64.6311,8.86,72,100,7.15
265,Bowen,AU,2022-05-22 20:10:33,-20.0167,148.2333,20.56,82,100,4.14
266,Elk Plain,US,2022-05-22 20:11:33,47.0532,-122.3976,21.88,50,0,3.13
267,Mattru,SL,2022-05-22 20:11:33,7.6244,-11.8332,23.85,96,100,1.55
268,Yerbogachen,RU,2022-05-22 20:11:34,61.2767,108.0108,7.19,93,70,0.56
269,Jiaozuo,CN,2022-05-22 20:11:34,35.2397,113.2331,20.28,63,0,3.1
270,Ivdel,RU,2022-05-22 20:11:34,60.6911,60.4206,1.63,98,100,1.94
271,Richards Bay,ZA,2022-05-22 20:11:35,-28.783,32.0377,16.9,89,100,7.63
272,Anjiang,CN,2022-05-22 20:11:35,27.3194,110.1031,16.83,99,100,0.36
273,Kangalassy,RU,2022-05-22 20:11:35,62.3464,129.9628,5.52,77,22,1.27
274,Villa Maria,AR,2022-05-22 20:11:36,-32.4075,-63.2402,23.23,43,5,6.98
275,Pevek,RU,2022-05-22 20:11:36,69.7008,170.3133,1.48,90,84,5.04
276,Baruun-Urt,MN,2022-05-22 20:11:36,46.6806,113.2792,13.77,36,12,2.02
277,Leningradskiy,RU,2022-05-22 20:11:37,69.3833,178.4167,1.45,96,100,1.85
278,Xiazhen,CN,2022-05-22 20:11:37,34.8022,117.1117,18.4,48,7,2.0
279,Trogir,HR,2022-05-22 20:11:37,43.5125,16.2517,23.83,78,0,1.54
280,Shenjiamen,CN,2022-05-22 20:11:38,29.9576,122.298,18.75,87,100,4.37
281,Haines Junction,CA,2022-05-22 20:08:36,60.7522,-137.5108,10.67,43,100,2.33
282,Nizhniy Ufaley,RU,2022-05-22 20:11:38,55.9153,59.9842,-0.42,97,93,1.75
283,Camocim,BR,2022-05-22 20:11:38,-2.9022,-40.8411,26.03,87,53,2.35
284,Bouake,CI,2022-05-22 20:11:39,7.6895,-5.0218,20.28,97,99,3.03
285,Bethel,US,2022-05-22 20:07:48,41.3712,-73.414,33.99,52,0,4.63
286,Rajur,IN,2022-05-22 20:11:39,20.1167,78.9167,34.01,31,0,8.53
287,Myitkyina,MM,2022-05-22 20:11:39,25.3833,97.4,22.05,97,43,0.99
288,Keta,GH,2022-05-22 20:11:39,5.9179,0.9879,26.31,77,90,2.55
289,Shingu,JP,2022-05-22 20:11:40,33.7333,135.9833,16.96,75,2,2.92
290,Rio Gallegos,AR,2022-05-22 20:11:40,-51.6226,-69.2181,5.03,60,0,4.63
291,Maroantsetra,MG,2022-05-22 20:11:40,-15.4333,49.7333,22.76,86,60,1.09
292,Laibin,CN,2022-05-22 20:11:41,23.7,109.2667,20.11,95,100,2.58
293,Tautira,PF,2022-05-22 20:11:41,-17.7333,-149.15,26.33,74,25,6.34
294,Terrace,CA,2022-05-22 20:10:45,54.5163,-128.6035,18.59,38,100,1.54
295,Lamu,KE,2022-05-22 20:11:41,-2.2717,40.902,27.12,82,91,5.99
296,Sao Filipe,CV,2022-05-22 20:07:47,14.8961,-24.4956,22.53,76,12,4.78
297,Sanmenxia,CN,2022-05-22 20:11:42,34.7747,111.1814,17.61,61,0,2.2
298,Waipawa,NZ,2022-05-22 20:11:42,-41.4122,175.5153,9.56,72,96,4.22
299,Belmonte,BR,2022-05-22 20:11:42,-15.8631,-38.8828,23.47,75,8,4.46
300,Qaqortoq,GL,2022-05-22 20:11:43,60.7167,-46.0333,2.01,98,100,4.02
301,San Buenaventura,MX,2022-05-22 20:11:43,27.0833,-101.5333,23.51,88,100,3.09
302,Pahrump,US,2022-05-22 20:09:44,36.2083,-115.9839,29.91,9,47,1.34
303,Waikuku,NZ,2022-05-22 20:11:44,-43.3,172.6833,3.61,80,2,1.83
304,Midland,US,2022-05-22 20:07:36,31.9974,-102.0779,22.73,31,0,4.02
305,Twin Falls,US,2022-05-22 20:11:45,42.3505,-114.6445,12.94,41,20,4.12
306,Goderich,CA,2022-05-22 20:09:48,43.7501,-81.7165,8.28,92,100,4.97
307,Carroll,US,2022-05-22 20:11:45,39.5501,-77.0164,32.29,46,68,1.79
308,Mackenzie,CA,2022-05-22 20:11:19,55.2999,-123.1698,18.12,22,0,6.69
309,Severo-Yeniseyskiy,RU,2022-05-22 20:11:45,60.3725,93.0408,5.33,90,0,1.11
310,Santa Maria Del Oro,MX,2022-05-22 20:11:46,25.9333,-105.3667,31.91,8,0,4.11
311,Beloha,MG,2022-05-22 20:09:52,-25.1667,45.05,18.57,88,5,3.19
312,Bonanza,NI,2022-05-22 20:12:46,14.0289,-84.591,24.16,94,99,1.24
313,Bud,US,2022-05-22 20:12:46,39.447,-86.1758,20.11,51,100,5.48
314,Ilhabela,BR,2022-05-22 20:12:47,-23.7781,-45.3581,20.28,76,4,2.14
315,Seoul,KR,2022-05-22 20:10:27,37.5683,126.9778,16.69,90,2,1.11
316,Yar-Sale,RU,2022-05-22 20:12:47,66.8333,70.8333,0.77,92,100,11.96
317,Kota Bahru,MY,2022-05-22 20:12:47,6.1333,102.2386,25.68,87,100,2.25
318,Viedma,AR,2022-05-22 20:12:48,-40.8135,-62.9967,14.34,38,100,5.8
319,Srednekolymsk,RU,2022-05-22 20:07:50,67.45,153.6833,11.55,46,88,5.96
320,Foshan,CN,2022-05-22 20:12:48,23.0268,113.1315,24.41,81,100,2.25
321,San Patricio,US,2022-05-22 20:08:12,28.017,-97.5169,29.4,61,100,5.64
322,Kasangulu,CD,2022-05-22 20:12:48,-4.5911,15.1708,22.47,87,99,1.68
323,Key Largo,US,2022-05-22 20:12:49,25.0865,-80.4473,30.56,71,100,8.0
324,Panguna,PG,2022-05-22 20:12:49,-6.3164,155.4848,18.99,94,45,0.63
325,Chanute,US,2022-05-22 20:12:49,37.6792,-95.4572,20.06,34,0,3.09
326,Waingapu,ID,2022-05-22 20:12:16,-9.6567,120.2641,25.1,83,44,4.06
327,Haifa,IL,2022-05-22 20:12:50,32.8156,34.9892,20.1,77,2,0.45
328,Braco Do Norte,BR,2022-05-22 20:12:50,-28.275,-49.1656,17.51,76,91,0.92
329,Ishigaki,JP,2022-05-22 20:12:50,24.3448,124.1572,25.43,79,100,6.13
330,Kautokeino,NO,2022-05-22 20:12:51,69.0125,23.0412,1.77,97,100,0.88
331,Kaeo,NZ,2022-05-22 20:12:51,-35.1,173.7833,13.1,87,99,1.87
332,Dingle,PH,2022-05-22 20:10:24,10.9995,122.6711,24.89,87,100,1.79
333,Bilma,NE,2022-05-22 20:12:51,18.6853,12.9164,32.86,9,97,3.03
334,Port Keats,AU,2022-05-22 20:12:51,-14.25,129.55,22.2,49,43,3.82
335,Cassino,IT,2022-05-22 20:12:52,41.4876,13.8315,22.17,74,3,1.34
336,Anloga,GH,2022-05-22 20:12:52,5.7947,0.8973,26.41,78,73,2.74
337,Peniche,PT,2022-05-22 20:12:53,39.3558,-9.3811,17.27,94,100,5.73
338,Ferme-Neuve,CA,2022-05-22 20:12:53,46.7001,-75.4493,10.79,98,100,2.44
339,Rujewa,TZ,2022-05-22 20:12:53,-8.7,34.3833,19.74,68,5,3.88
340,Murmashi,RU,2022-05-22 20:12:53,68.8154,32.8115,3.23,100,75,0.0
341,Sotnikovskoye,RU,2022-05-22 20:12:54,45.0039,43.7772,13.82,84,92,3.74
342,Filadelfia,US,2022-05-22 20:08:38,39.9523,-75.1638,33.88,50,40,7.2
343,Amli,IN,2022-05-22 20:12:54,20.2833,73.0167,29.42,63,100,5.63
344,Lorengau,PG,2022-05-22 20:12:55,-2.0226,147.2712,28.23,70,95,5.29
345,Agadir,MA,2022-05-22 20:12:55,30.4202,-9.5982,23.25,72,27,1.84
346,Coahuayana,MX,2022-05-22 20:09:33,18.7333,-103.6833,32.01,49,0,3.93
347,Berbera,SO,2022-05-22 20:12:56,10.4396,45.0143,31.95,51,100,3.93
348,Homer,US,2022-05-22 20:12:56,59.6425,-151.5483,15.58,57,0,1.54
349,Tasiilaq,GL,2022-05-22 20:10:22,65.6145,-37.6368,2.09,98,100,3.91
350,Ternate,ID,2022-05-22 20:08:29,0.8,127.4,26.8,80,100,1.08
351,Caceres,ES,2022-05-22 20:10:29,39.522,-6.3748,19.67,65,75,2.02
352,Dhidhdhoo,MV,2022-05-22 20:12:57,6.8833,73.1,28.46,78,68,6.59
353,Abu Samrah,SY,2022-05-22 20:09:13,35.3029,37.1841,16.81,62,10,7.63
354,Chipiona,ES,2022-05-22 20:12:57,36.7366,-6.437,20.17,88,0,6.69
355,Omsukchan,RU,2022-05-22 20:12:52,62.5333,155.8,0.24,98,100,3.45
356,Luena,AO,2022-05-22 20:12:58,-11.7833,19.9167,15.27,54,50,2.21
357,Khorixas,NA,2022-05-22 20:12:58,-20.3667,14.9667,17.14,17,2,5.43
358,Chippewa Falls,US,2022-05-22 20:13:59,44.9369,-91.3929,12.18,48,100,3.6
359,Havre,FR,2022-05-22 20:13:59,49.5833,0.3333,18.22,82,0,3.09
360,Fortuna,US,2022-05-22 20:10:39,40.5982,-124.1573,17.14,79,20,6.17
361,Micheweni,TZ,2022-05-22 20:13:59,-4.9667,39.8333,26.08,78,100,6.14
362,Kajaani,FI,2022-05-22 20:14:00,64.2273,27.7285,10.03,57,95,2.57
363,Balsas,BR,2022-05-22 20:12:17,-7.5325,-46.0356,28.84,53,86,2.18
364,Kavaratti,IN,2022-05-22 20:14:00,10.5669,72.642,28.41,80,94,8.29
365,Constitucion,CL,2022-05-22 20:14:00,-35.3333,-72.4167,11.76,90,100,4.84
366,Qingdao,CN,2022-05-22 20:14:01,36.0986,120.3719,18.08,71,97,2.99
367,Taltal,CL,2022-05-22 20:14:01,-25.4,-70.4833,18.27,69,23,2.87
368,Avarua,CK,2022-05-22 20:14:01,-21.2078,-159.775,27.03,89,75,4.63
369,San Cristobal,VE,2022-05-22 20:14:01,7.7669,-72.225,27.1,42,1,3.0
370,Ouesso,CG,2022-05-22 20:14:02,1.6136,16.0517,22.29,95,72,1.15
371,Asosa,ET,2022-05-22 20:14:02,10.0667,34.5333,16.93,90,100,1.39
372,Mandalgovi,MN,2022-05-22 20:14:02,45.7625,106.2708,13.7,33,0,3.18
373,Ignacio Zaragoza,MX,2022-05-22 20:14:03,28.3833,-107.2167,28.64,9,52,7.36
374,Hami,CN,2022-05-22 20:14:03,42.8,93.45,26.28,19,96,4.8
375,Boueni,YT,2022-05-22 20:14:03,-12.9025,45.0761,26.99,71,99,0.96
376,Zunyi,CN,2022-05-22 20:14:04,27.6867,106.9072,13.04,97,96,0.38
377,Paamiut,GL,2022-05-22 20:14:04,61.994,-49.6678,1.46,90,100,9.51
378,Anadyr,RU,2022-05-22 20:14:04,64.75,177.4833,8.05,65,84,3.17
379,Novyy Urengoy,RU,2022-05-22 20:14:04,66.0833,76.6333,7.38,85,100,7.29
380,Oranjemund,NA,2022-05-22 20:14:05,-28.55,16.4333,13.35,72,13,2.93
381,Sambava,MG,2022-05-22 20:14:05,-14.2667,50.1667,22.6,87,24,4.99
382,Namibe,AO,2022-05-22 20:14:05,-15.1961,12.1522,20.65,74,0,1.5
383,Cabangan,PH,2022-05-22 20:14:06,15.158,120.0569,24.0,89,100,1.94
384,Half Moon Bay,US,2022-05-22 20:11:06,37.4636,-122.4286,28.66,64,0,8.75
385,Casas Grandes,MX,2022-05-22 20:14:06,30.3667,-107.95,27.47,14,93,5.13
386,Palmer,US,2022-05-22 20:12:33,42.1584,-72.3287,34.32,41,40,5.14
387,Balaipungut,ID,2022-05-22 20:14:06,1.05,101.2833,24.33,97,97,0.88
388,Sur,OM,2022-05-22 20:14:07,22.5667,59.5289,32.87,45,0,5.64
389,Faanui,PF,2022-05-22 20:14:07,-16.4833,-151.75,27.02,73,11,6.74
390,Itoman,JP,2022-05-22 20:14:07,26.1247,127.6694,24.01,78,75,4.63
391,Evensk,RU,2022-05-22 20:14:08,61.95,159.2333,3.64,89,99,0.92
392,Tuatapere,NZ,2022-05-22 20:14:08,-46.1333,167.6833,6.59,84,63,3.5
393,Alihe,CN,2022-05-22 20:14:08,50.5667,123.7167,7.87,93,27,1.41
394,Aiken,US,2022-05-22 20:11:22,33.5835,-81.5998,31.99,56,40,4.63
395,Nara,JP,2022-05-22 20:11:57,34.6851,135.8049,17.76,84,47,0.65
396,Makakilo City,US,2022-05-22 20:11:50,21.3469,-158.0858,27.18,60,100,5.14
397,Eureka,US,2022-05-22 20:14:09,40.8021,-124.1637,23.71,72,67,2.68
398,Lavrentiya,RU,2022-05-22 20:11:33,65.5833,-171.0,3.85,79,100,3.83
399,Manaure,CO,2022-05-22 20:14:09,11.7751,-72.4445,32.17,49,7,8.8
400,Umm Lajj,SA,2022-05-22 20:14:10,25.0213,37.2685,26.86,47,7,5.0
401,Dombarovskiy,RU,2022-05-22 20:14:10,50.7587,59.5386,8.65,94,100,7.4
402,Samarai,PG,2022-05-22 20:14:10,-10.6167,150.6667,26.67,80,23,2.58
403,San Quintin,MX,2022-05-22 20:12:47,30.4833,-115.95,18.6,57,0,5.33
404,Kirkenaer,NO,2022-05-22 20:14:11,60.4564,12.0582,9.84,83,25,2.18
405,Ciudad Bolivar,VE,2022-05-22 20:14:11,8.1222,-63.5497,30.61,53,100,2.94
406,Kilindoni,TZ,2022-05-22 20:15:12,-7.9139,39.6668,26.81,73,76,5.01
407,Pacific Grove,US,2022-05-22 20:10:54,36.6177,-121.9166,20.13,79,20,4.63
408,Beberibe,BR,2022-05-22 20:15:12,-4.1797,-38.1306,26.13,83,7,2.59
409,Caravelas,BR,2022-05-22 20:15:12,-17.7125,-39.2481,22.06,75,1,2.45
410,Nishihara,JP,2022-05-22 20:15:13,26.1842,127.7558,23.6,81,75,4.63
411,Abha,SA,2022-05-22 20:15:13,18.2164,42.5053,21.14,26,0,0.0
412,Yarada,IN,2022-05-22 20:15:13,17.65,83.2667,29.18,70,40,1.03
413,Belaya Gora,RU,2022-05-22 20:12:19,68.5333,146.4167,7.73,77,21,0.32
414,Boyuibe,BO,2022-05-22 20:15:14,-20.4167,-63.2833,24.58,35,1,2.65
415,Nybro,SE,2022-05-22 20:15:14,56.7446,15.9071,8.47,76,98,1.58
416,San Vicente,AR,2022-05-22 20:15:14,-26.6167,-54.1333,16.01,62,100,0.49
417,Banjar,ID,2022-05-22 20:15:15,-8.19,114.9675,24.52,85,98,1.73
418,Hobyo,SO,2022-05-22 20:15:15,5.3505,48.5268,26.78,83,100,13.26
419,Chapais,CA,2022-05-22 20:15:15,49.7834,-74.8492,0.88,96,100,2.56
420,Angoche,MZ,2022-05-22 20:15:16,-16.2325,39.9086,24.6,81,0,3.43
421,Lae,PG,2022-05-22 20:15:16,-6.7221,146.9847,24.37,80,43,2.5
422,Kantunilkin,MX,2022-05-22 20:15:16,21.0917,-87.45,34.93,36,5,4.8
423,Roald,NO,2022-05-22 20:15:17,62.5833,6.1333,15.09,93,75,1.54
424,Matara,LK,2022-05-22 20:15:17,5.9485,80.5353,25.77,90,27,4.83
425,Port-Gentil,GA,2022-05-22 20:15:17,-0.7193,8.7815,25.98,83,75,4.63
426,Aksarka,RU,2022-05-22 20:15:18,66.5606,67.7975,0.78,88,100,12.55
427,Zarubino,RU,2022-05-22 20:15:18,42.63,131.0922,11.51,72,9,2.12
428,Coihueco,CL,2022-05-22 20:11:55,-36.6167,-71.8333,9.41,93,100,10.29
429,Vitim,RU,2022-05-22 20:15:18,59.4511,112.5578,5.68,95,88,0.72
430,Ha Giang,VN,2022-05-22 20:11:55,22.8333,104.9833,22.32,99,100,1.39
431,Saint-Francois,FR,2022-05-22 20:15:19,46.4154,3.9054,22.69,73,100,3.09
432,Nampula,MZ,2022-05-22 20:15:19,-15.1165,39.2666,20.97,94,0,3.09
433,Luanda,AO,2022-05-22 20:15:19,-8.8368,13.2343,23.0,83,20,3.6
434,Banda Aceh,ID,2022-05-22 20:15:19,5.5577,95.3222,27.14,79,100,5.91
435,Bull Savanna,JM,2022-05-22 20:15:20,17.8868,-77.5902,27.76,65,100,7.34
436,Petropavlovsk-Kamchatskiy,RU,2022-05-22 20:15:20,53.0452,158.6483,5.33,93,75,1.0
437,Douentza,ML,2022-05-22 20:15:20,14.9951,-2.9517,32.65,29,100,0.83
438,Aklavik,CA,2022-05-22 20:15:21,68.2191,-135.0107,1.36,66,97,3.7
439,Mange,SL,2022-05-22 20:15:21,8.9167,-12.85,25.61,87,100,2.3
440,Leshan,CN,2022-05-22 20:15:21,29.5623,103.7639,17.17,93,23,1.16
441,Fairbanks,US,2022-05-22 20:13:09,64.8378,-147.7164,19.06,27,40,2.57
442,Tahta,EG,2022-05-22 20:15:22,26.7693,31.5021,24.91,20,0,5.13
443,Hovd,MN,2022-05-22 20:15:22,48.0056,91.6419,17.55,20,99,0.86
444,Colorado,BR,2022-05-22 20:15:22,-22.8375,-51.9731,20.09,47,0,2.38
445,Lukovetskiy,RU,2022-05-22 20:15:23,64.2956,41.9211,0.35,70,67,4.62
446,Piacabucu,BR,2022-05-22 20:15:23,-10.4056,-36.4344,25.35,71,0,4.59
447,Skibbereen,IE,2022-05-22 20:15:23,51.55,-9.2667,12.28,92,32,5.55
448,Marzuq,YE,2022-05-22 20:15:24,14.4,46.4667,25.32,15,74,0.61
449,Broken Hill,AU,2022-05-22 20:15:24,-31.95,141.4333,12.1,81,3,2.58
450,Marfino,RU,2022-05-22 20:15:24,55.7028,37.3822,6.04,56,0,5.0
451,Wajir,KE,2022-05-22 20:15:24,1.7471,40.0573,28.24,55,20,4.79
452,Betioky,MG,2022-05-22 20:15:25,-23.7167,44.3833,19.45,52,2,1.99
453,Doha,QA,2022-05-22 20:16:25,25.2867,51.5333,33.99,14,0,7.72
454,Galle,LK,2022-05-22 20:14:26,6.0367,80.217,26.52,86,19,5.38
455,Yeniseysk,RU,2022-05-22 20:16:25,58.4497,92.1703,8.48,76,6,2.0
456,Kampong Chhnang,KH,2022-05-22 20:16:26,12.1667,104.55,24.59,92,100,3.51
457,College,US,2022-05-22 20:16:26,64.8569,-147.8028,19.05,27,40,2.57
458,Vilyuysk,RU,2022-05-22 20:16:26,63.7553,121.6247,7.83,70,91,1.81
459,Port Moresby,PG,2022-05-22 20:16:26,-9.4431,147.1797,25.68,89,20,2.57
460,Kovdor,RU,2022-05-22 20:16:27,67.5662,30.4758,1.22,99,100,1.23
461,Fernandopolis,BR,2022-05-22 20:16:27,-20.2839,-50.2464,21.85,40,0,1.05
462,Illintsi,UA,2022-05-22 20:16:27,49.1048,29.2177,9.76,84,94,4.96
463,Neuquen,AR,2022-05-22 20:12:31,-38.9516,-68.0591,15.94,41,75,7.2
464,Dzhebariki-Khaya,RU,2022-05-22 20:12:16,62.2167,135.8,4.69,72,21,0.24
465,Mogadishu,SO,2022-05-22 20:16:28,2.0371,45.3438,27.09,84,100,8.37
466,Novikovo,RU,2022-05-22 20:14:46,51.1537,37.8879,7.67,95,93,3.41
467,Tomatlan,MX,2022-05-22 20:14:40,19.9333,-105.25,32.53,41,0,5.86
468,Takoradi,GH,2022-05-22 20:16:28,4.8845,-1.7554,24.22,89,100,1.91
469,Starokozache,UA,2022-05-22 20:16:28,46.3372,29.9853,13.38,65,100,3.56
470,Dunedin,NZ,2022-05-22 20:16:29,-45.8742,170.5036,8.22,63,63,4.02
471,Roma,US,2022-05-22 20:13:57,43.2128,-75.4557,22.08,88,100,7.72
472,Portland,US,2022-05-22 20:16:26,45.5234,-122.6762,23.47,41,75,3.6
473,Jardim,BR,2022-05-22 20:16:29,-21.4803,-56.1381,24.72,39,95,0.94
474,Tres Arroyos,AR,2022-05-22 20:16:29,-38.3739,-60.2798,15.75,38,100,6.46
475,Shizunai,JP,2022-05-22 20:16:30,42.3339,142.3669,11.05,93,94,2.58
476,Gweta,BW,2022-05-22 20:16:30,-20.1833,25.2333,13.14,39,0,3.38
477,Shimoda,JP,2022-05-22 20:15:21,34.6667,138.95,17.97,84,17,4.01
478,Lipany,SK,2022-05-22 20:16:30,49.1538,20.9638,12.17,89,80,1.74
479,Lichinga,MZ,2022-05-22 20:16:31,-13.3128,35.2406,14.58,74,10,2.17
480,Sabang,ID,2022-05-22 20:16:31,5.8933,95.3214,28.7,76,100,9.72
481,Alice Springs,AU,2022-05-22 20:16:31,-23.7,133.8833,5.75,75,48,0.0
482,Bandarbeyla,SO,2022-05-22 20:16:32,9.4942,50.8122,26.94,86,53,8.4
483,Elliot Lake,CA,2022-05-22 20:16:32,46.3834,-82.6331,10.98,48,99,3.54
484,Piopio,NZ,2022-05-22 20:16:32,-38.4667,175.0167,10.6,98,55,1.31
485,Deming,US,2022-05-22 20:16:33,32.2687,-107.7586,24.94,20,0,3.6
486,Sioux Falls,US,2022-05-22 20:13:54,43.55,-96.7003,13.92,46,40,4.12
487,Ugoofaaru,MV,2022-05-22 20:15:44,5.6667,73.0,28.45,77,76,6.11
488,Sedalia,US,2022-05-22 20:14:53,38.7045,-93.2283,18.25,42,0,5.81
489,Margate,GB,2022-05-22 20:16:33,51.3813,1.3862,16.84,76,100,1.34
490,Sao Joao Da Barra,BR,2022-05-22 20:16:33,-21.6403,-41.0511,23.05,67,24,4.63
491,Sicuani,PE,2022-05-22 20:16:34,-14.2694,-71.2261,15.27,29,99,6.16
492,Bougouni,ML,2022-05-22 20:16:34,11.417,-7.479,26.53,62,100,0.77
493,Lubango,AO,2022-05-22 20:12:15,-14.9172,13.4925,13.71,42,0,1.14
494,Okhotsk,RU,2022-05-22 20:14:00,59.3833,143.3,1.52,99,100,4.99
495,Tessalit,ML,2022-05-22 20:15:31,20.1986,1.0114,33.98,15,26,3.04
496,Ketchikan,US,2022-05-22 20:16:35,55.3422,-131.6461,14.26,58,0,5.66
497,Unhel,IN,2022-05-22 20:16:35,23.3333,75.5667,27.19,68,0,9.67
498,Japura,ID,2022-05-22 20:16:35,-0.3167,102.35,23.26,99,94,0.88
499,Greymouth,NZ,2022-05-22 20:16:35,-42.4667,171.2,6.47,88,11,2.62
500,Sorland,NO,2022-05-22 20:17:36,67.667,12.6934,7.92,92,100,3.39
501,Bogo,PH,2022-05-22 20:17:36,11.0517,124.0055,25.78,83,73,1.9
502,Quincy,US,2022-05-22 20:13:31,42.2529,-71.0023,35.87,51,20,7.2
503,Clyde River,CA,2022-05-22 20:17:36,70.4692,-68.5914,-6.87,93,100,16.46
504,Yazykovo,RU,2022-05-22 20:17:37,55.2199,56.1353,3.58,83,97,2.99
505,Talipparamba,IN,2022-05-22 20:17:37,12.05,75.35,23.25,95,76,1.31
506,Komsomolskiy,UZ,2022-05-22 20:17:37,40.4272,71.7189,12.4,82,40,0.0
507,Pittsburg,US,2022-05-22 20:17:38,38.028,-121.8847,32.16,26,0,4.63
508,Deep River,CA,2022-05-22 20:17:38,46.1001,-77.4995,11.08,84,100,4.4
509,Pishva,IR,2022-05-22 20:17:38,35.308,51.7267,22.17,18,1,3.38
510,Te Anau,NZ,2022-05-22 20:17:39,-45.4167,167.7167,2.65,91,13,0.12
511,Tepalcatepec,MX,2022-05-22 20:17:39,19.1833,-102.85,39.67,23,0,2.04
512,Izazi,TZ,2022-05-22 20:17:39,-7.2,35.7333,21.57,62,98,1.96
513,Poquoson,US,2022-05-22 20:17:39,37.1224,-76.3458,32.79,65,40,7.72
514,Wencheng,CN,2022-05-22 20:17:40,33.0559,113.7978,18.38,82,0,1.46
515,Orlik,RU,2022-05-22 20:17:40,52.5178,99.825,10.53,57,90,1.3
516,Dorobantu,RO,2022-05-22 20:17:40,44.2167,26.95,18.91,68,99,4.93
517,Ouadda,CF,2022-05-22 20:17:41,8.0777,22.4007,23.65,64,55,1.82
518,Karasburg,NA,2022-05-22 20:17:41,-28.0167,18.75,13.64,49,8,4.6
519,Bada,RU,2022-05-22 20:17:41,51.392,109.8717,12.01,71,100,1.53
520,Port Blair,IN,2022-05-22 20:17:41,11.6667,92.75,29.02,84,75,5.14
521,Kieta,PG,2022-05-22 20:17:42,-6.2167,155.6333,25.52,82,68,1.31
522,Sabaudia,IT,2022-05-22 20:17:42,41.3003,13.0282,21.22,91,0,0.86
523,Kidal,ML,2022-05-22 20:17:42,18.4411,1.4078,31.01,28,24,5.94
524,Airai,TL,2022-05-22 20:17:43,-8.9266,125.4092,14.88,90,51,1.7
525,Punta Cardon,VE,2022-05-22 20:17:43,11.6581,-70.215,28.66,61,2,14.8
526,Faya,SA,2022-05-22 20:17:43,18.3851,42.4509,22.06,27,0,0.66
527,Rocha,UY,2022-05-22 20:17:44,-34.4833,-54.3333,15.25,69,26,2.23
528,Ilave,PE,2022-05-22 20:17:44,-16.0833,-69.6667,11.79,22,10,2.34
529,Pisco,PE,2022-05-22 20:17:44,-13.7,-76.2167,20.01,82,20,4.63
530,Alyangula,AU,2022-05-22 20:17:44,-13.8483,136.4192,25.15,79,100,4.74
531,Soni,TZ,2022-05-22 20:17:45,-4.85,38.3667,15.91,84,88,0.79
532,Hay River,CA,2022-05-22 20:17:45,60.8156,-115.7999,4.99,70,75,2.06
533,Port-Cartier,CA,2022-05-22 20:17:45,50.0334,-66.8654,10.12,72,94,2.04
534,Juneau,US,2022-05-22 20:15:11,58.3019,-134.4197,18.25,67,40,3.6
535,Trebinje,BA,2022-05-22 20:17:46,42.7119,18.3442,19.2,77,0,2.06
536,Puerto Del Rosario,ES,2022-05-22 20:17:46,28.5004,-13.8627,20.86,78,20,6.69
537,Rosarito,MX,2022-05-22 20:17:46,32.3333,-117.0333,25.35,59,0,5.69
538,Port Alberni,CA,2022-05-22 20:17:47,49.2413,-124.8028,23.22,41,100,1.34
539,Chimore,BO,2022-05-22 20:17:47,-16.9833,-65.1333,22.44,72,89,1.23
540,Ayia Galini,GR,2022-05-22 20:17:47,35.1,24.6833,21.33,90,0,2.9
541,Bubaque,GW,2022-05-22 20:17:48,11.2833,-15.8333,25.73,75,79,7.21
542,Aksarayskiy,RU,2022-05-22 20:17:48,46.7924,48.0119,15.87,70,19,3.08
543,Ritchie,ZA,2022-05-22 20:17:48,-29.038,24.6028,7.56,61,5,3.89
544,Husavik,IS,2022-05-22 20:13:06,66.0449,-17.3389,3.12,98,100,4.16
545,Santa Isabel Do Rio Negro,BR,2022-05-22 20:17:49,-0.4139,-65.0192,28.95,67,100,0.77
546,Saint-Denis,FR,2022-05-22 20:18:49,48.9167,2.3333,20.08,69,0,4.12
547,Sudbury,CA,2022-05-22 20:15:17,46.49,-80.99,13.01,78,96,3.58
548,Muscat,OM,2022-05-22 20:18:49,23.6139,58.5922,32.01,32,0,4.45
549,Lumut,MY,2022-05-22 20:15:16,4.2323,100.6298,26.65,81,100,1.63
550,Bouar,CF,2022-05-22 20:18:49,5.934,15.596,19.17,92,54,1.56
551,Karaman,TR,2022-05-22 20:18:50,37.0833,33.25,12.03,71,100,2.44
552,Luganville,VU,2022-05-22 20:18:50,-15.5333,167.1667,25.24,90,11,1.13
553,Palafrugell,ES,2022-05-22 20:18:11,41.9174,3.1631,22.97,49,6,1.34
554,Zhanakorgan,KZ,2022-05-22 20:18:50,43.9098,67.2495,16.74,28,4,3.63
555,Cumpas,MX,2022-05-22 20:18:51,29.9833,-109.7833,32.27,14,100,3.35
556,Hammerfest,NO,2022-05-22 20:18:51,70.6634,23.6821,8.25,66,75,1.54
557,Santiago Del Estero,AR,2022-05-22 20:18:51,-27.7951,-64.2615,25.4,29,0,5.5
558,Balikpapan,ID,2022-05-22 20:18:51,-1.2675,116.8289,25.04,89,100,1.21
559,Le Vauclin,MQ,2022-05-22 20:18:52,14.5452,-60.8388,29.03,70,75,7.2
560,Longkou,CN,2022-05-22 20:18:52,37.6508,120.3286,18.67,64,100,5.38
561,Mitsamiouli,KM,2022-05-22 20:18:52,-11.3847,43.2844,27.02,77,40,2.95
562,Tubuala,PA,2022-05-22 20:18:53,9.5167,-79.0333,28.23,79,39,3.33
563,Adrar,MR,2022-05-22 20:18:53,20.5022,-10.0711,35.33,11,94,3.87
564,Troitskoye,RU,2022-05-22 20:18:53,52.9821,84.6757,13.37,68,13,7.63
565,Maues,BR,2022-05-22 20:18:54,-3.3836,-57.7186,26.92,76,84,0.5
566,Codajas,BR,2022-05-22 20:18:54,-3.8367,-62.0569,30.18,58,13,1.27
567,Bharatpur,IN,2022-05-22 20:17:31,27.2167,77.4833,31.39,37,29,6.87
568,Sehithwa,BW,2022-05-22 20:18:54,-20.4667,22.7167,11.2,44,0,3.12
569,Marawi,PH,2022-05-22 20:18:55,7.9986,124.2928,20.93,92,99,1.45
570,Youghal,IE,2022-05-22 20:18:55,51.95,-7.8506,12.83,97,7,6.12
571,Biak,ID,2022-05-22 20:18:55,-0.9131,122.8766,24.32,83,93,2.55
572,Brookings,US,2022-05-22 20:18:55,44.3114,-96.7984,13.95,45,100,4.12
573,Miracema Do Tocantins,BR,2022-05-22 20:18:56,-9.5618,-48.3967,29.01,59,49,0.45
574,Luau,AO,2022-05-22 20:18:56,-10.7073,22.2247,18.27,47,100,2.73
575,Lazarev,RU,2022-05-22 20:18:56,52.225,141.5131,0.19,94,100,2.48
